cell_id,area,x,y,width,height,purple_score,predicted_class,confidence,confidence_percent
119,752,573,354,31,33,127.09707641601562,myeloblast,0.9267081,92.67081
61,674,434,257,29,31,125.94139099121094,myeloblast,0.51845366,51.845367
18,994,716,119,35,36,122.42605590820312,myeloblast,0.82496387,82.49638
85,464,759,300,18,36,122.26293182373047,erythroblast,0.98357946,98.35795
16,859,753,113,30,35,122.18451690673828,erythroblast,0.9468425,94.68425
6,563,531,68,28,29,120.7779769897461,myeloblast,0.9834235,98.34235
170,1111,185,524,38,38,120.66246795654297,erythroblast,0.5220726,52.20726
54,1284,744,250,42,38,120.24026489257812,myeloblast,0.7928811,79.28811
17,865,14,117,29,36,120.17398834228516,erythroblast,0.94013137,94.01314
20,728,487,129,33,32,118.23419952392578,myeloblast,0.9476107,94.76107
19,1245,154,133,41,40,115.09036254882812,myeloblast,0.4509558,45.09558
92,1206,137,316,40,39,113.77031707763672,erythroblast,0.9068339,90.68339
32,694,199,193,33,29,113.33429718017578,myeloblast,0.86072564,86.07256
9,710,755,80,25,34,113.0999984741211,myeloblast,0.59874856,59.874855
174,1418,217,545,40,46,112.55289459228516,basophil,0.48284432,48.28443
48,626,68,239,32,27,110.50159454345703,myeloblast,0.59362507,59.362507
41,801,342,225,44,28,110.45068359375,myeloblast,0.8753461,87.534615
1,643,289,14,30,28,110.37635803222656,erythroblast,0.6680411,66.80411
175,587,708,536,28,27,108.0758056640625,myeloblast,0.6452125,64.52125
75,826,43,279,35,28,107.47881317138672,myeloblast,0.8872652,88.72652
7,1110,613,74,36,40,107.30000305175781,monocyte,0.5241856,52.41856
30,895,167,193,33,35,106.80279541015625,erythroblast,0.5992585,59.92585
150,632,575,421,32,27,103.87025451660156,myeloblast,0.64640194,64.6402
8,1088,560,78,36,45,102.6663589477539,erythroblast,0.752319,75.231895
11,560,143,96,29,29,102.16874694824219,erythroblast,0.9062544,90.62544
28,1357,751,186,34,52,102.039794921875,erythroblast,0.9193526,91.93526
39,522,91,219,28,25,101.83811950683594,myeloblast,0.7836899,78.36899
52,607,358,241,34,24,100.76688385009766,myeloblast,0.8438531,84.385315
25,1404,508,156,42,43,99.93280029296875,myeloblast,0.50371814,50.371815
104,479,73,332,25,26,99.87995910644531,erythroblast,0.9827428,98.27428
166,1805,230,504,66,35,99.81828308105469,erythroblast,0.7173353,71.73353
79,780,745,285,32,33,98.68461608886719,myeloblast,0.73652166,73.65217
169,490,123,503,26,25,97.44490051269531,myeloblast,0.68241,68.241
58,468,215,249,26,23,97.2318344116211,erythroblast,0.61513907,61.51391
22,440,379,129,22,24,97.04659271240234,erythroblast,0.65864986,65.86498
35,771,261,210,33,35,96.87289428710938,erythroblast,0.70372903,70.3729
72,1420,208,280,50,39,96.6444320678711,myeloblast,0.67609507,67.609505
2,651,502,11,35,23,96.47542572021484,erythroblast,0.81174433,81.17443
21,735,354,133,29,32,96.13673400878906,erythroblast,0.7965074,79.65074
73,662,718,281,26,38,95.55362701416016,erythroblast,0.90835595,90.835594
68,895,660,270,39,31,94.32904815673828,erythroblast,0.553448,55.344803
156,577,135,445,32,23,94.14384460449219,myeloblast,0.68974715,68.97472
10,758,436,91,32,31,94.13456726074219,erythroblast,0.5156275,51.56275
182,564,188,570,27,31,94.0372314453125,erythroblast,0.54491407,54.491405
112,698,125,349,28,32,93.55085754394531,myeloblast,0.9572896,95.72896
164,1220,591,493,42,38,93.4979476928711,erythroblast,0.8525485,85.254845
26,823,707,161,31,36,93.43924713134766,myeloblast,0.7854707,78.54707
33,664,517,203,30,28,92.9563217163086,erythroblast,0.8656479,86.56479
29,889,83,185,36,33,92.5016860961914,erythroblast,0.66753316,66.75332
80,797,681,292,33,37,92.42632293701172,myeloblast,0.64690435,64.69044
5,676,136,54,37,25,92.32987976074219,myeloblast,0.5057103,50.57103
96,1071,210,321,33,40,91.64799499511719,erythroblast,0.9741474,97.41474
27,875,246,161,41,31,91.32142639160156,erythroblast,0.72592294,72.59229
88,515,75,299,26,26,90.95048522949219,erythroblast,0.8208705,82.08705
14,252,495,100,15,20,90.58333587646484,erythroblast,0.81455183,81.455185
37,716,413,215,32,31,90.54190063476562,myeloblast,0.7658121,76.58121
125,518,342,368,27,24,90.53571319580078,erythroblast,0.8904548,89.04549
157,776,43,451,33,31,90.35953521728516,erythroblast,0.69566935,69.56693
36,257,761,211,14,30,90.14007568359375,erythroblast,0.99757284,99.757286
23,688,50,135,34,28,89.67732238769531,myeloblast,0.79740053,79.74005
168,745,16,506,33,31,89.11878967285156,erythroblast,0.69820875,69.82088
31,819,337,193,35,31,87.72893524169922,erythroblast,0.5950247,59.502472
24,972,670,139,35,36,87.4912338256836,erythroblast,0.85158974,85.15897
15,743,629,107,41,25,87.2099609375,erythroblast,0.82537574,82.537575
4,1569,296,52,44,45,86.84034729003906,erythroblast,0.8242073,82.42073
127,1093,100,375,46,31,86.68115234375,erythroblast,0.65015733,65.01573
66,1130,334,272,46,34,86.64405822753906,erythroblast,0.9065882,90.65882
13,1647,532,109,46,49,86.30783081054688,erythroblast,0.9648336,96.48336
34,715,551,202,35,24,86.11901092529297,erythroblast,0.692962,69.296196
107,977,553,340,37,34,85.18782043457031,erythroblast,0.8216436,82.16436
121,748,208,357,33,29,84.56283569335938,erythroblast,0.98844796,98.844795
136,1073,551,396,39,36,84.26421356201172,erythroblast,0.61483085,61.483086
154,916,372,436,34,35,83.41102600097656,erythroblast,0.73737633,73.73763
162,459,385,472,24,25,83.40413665771484,erythroblast,0.9007498,90.07498
106,925,335,340,34,36,83.1075668334961,erythroblast,0.9657074,96.57074
160,499,408,469,25,27,82.8797607421875,erythroblast,0.86976177,86.97617
3,1081,535,30,38,38,82.52173614501953,erythroblast,0.95535,95.534996
177,1301,55,548,56,33,81.46195220947266,erythroblast,0.9939433,99.394325
186,1009,177,598,46,31,81.31714630126953,erythroblast,0.80361766,80.36176
51,813,113,241,44,25,80.40713500976562,erythroblast,0.97051114,97.05112
159,1075,203,468,37,38,78.63720703125,erythroblast,0.8988673,89.886734
189,195,465,607,24,12,76.31282043457031,erythroblast,0.99977297,99.977295
178,903,358,555,39,30,71.94905853271484,erythroblast,0.833266,83.3266
38,683,59,220,32,32,58.58272171020508,erythroblast,0.9933785,99.33785
12,2686,205,114,65,59,57.041133880615234,monocyte,0.50675964,50.675964
64,374,69,262,23,21,54.65641784667969,erythroblast,0.9965754,99.65754
69,307,122,266,21,19,52.337135314941406,erythroblast,0.99961674,99.96168
101,191,754,316,19,18,49.31413650512695,erythroblast,0.99973446,99.97345
114,197,227,340,19,15,49.01530456542969,erythroblast,0.9999733,99.99733
134,214,360,384,20,14,47.92523193359375,erythroblast,0.99998915,99.99892
74,151,628,270,14,13,47.40066146850586,erythroblast,0.9939167,99.39167
44,334,169,232,19,22,46.85478973388672,erythroblast,0.99113715,99.113716
171,214,270,516,17,16,46.412620544433594,erythroblast,0.9949738,99.497375
46,611,240,239,31,32,45.314476013183594,erythroblast,0.99993145,99.99315
172,214,151,519,16,17,44.974300384521484,erythroblast,0.99971455,99.97146
49,442,673,239,23,26,44.7785530090332,erythroblast,0.9997384,99.97384
86,253,158,292,18,18,43.9236946105957,erythroblast,0.9996061,99.96061
63,173,45,254,15,14,43.07514572143555,erythroblast,0.99424237,99.42424
59,606,694,256,24,35,42.708553314208984,erythroblast,0.9989586,99.89586
71,293,100,268,19,19,42.10332107543945,erythroblast,0.99976,99.976
161,392,259,468,23,22,41.73596954345703,erythroblast,0.9968129,99.68129
70,189,157,264,16,14,41.708106994628906,erythroblast,0.99998593,99.9986
167,369,280,497,24,20,41.58671951293945,erythroblast,0.9986436,99.86436
113,277,180,341,23,16,41.239383697509766,erythroblast,0.9999926,99.99926
103,330,739,325,21,19,41.11212158203125,erythroblast,0.9979656,99.796555
130,241,698,371,18,17,40.70954513549805,erythroblast,0.9998909,99.98909
45,290,147,232,17,21,40.09636306762695,erythroblast,0.99953973,99.95397
93,511,560,310,31,21,39.83953094482422,erythroblast,0.99966645,99.966644
133,451,217,387,23,26,39.801551818847656,erythroblast,0.9989421,99.89421
176,268,393,533,18,19,39.725746154785156,erythroblast,0.9961278,99.61278
180,240,243,560,18,18,39.57466125488281,erythroblast,0.9999368,99.99368
87,416,588,297,23,24,39.353721618652344,erythroblast,0.99928755,99.92876
149,351,222,417,22,20,38.97008514404297,erythroblast,0.9993344,99.93344
94,230,710,308,18,17,38.80316925048828,erythroblast,0.9960978,99.60978
40,246,488,215,19,17,38.662994384765625,erythroblast,0.9969644,99.69644
91,295,623,306,18,20,37.89259338378906,erythroblast,0.9997092,99.97092
99,194,55,314,16,17,37.71808624267578,erythroblast,0.9985655,99.85655
97,362,649,310,24,19,37.586509704589844,erythroblast,0.9999422,99.99422
165,238,302,491,17,20,37.46428680419922,erythroblast,0.9994816,99.94816
95,259,727,310,18,20,36.8436279296875,erythroblast,0.99362034,99.36203
188,150,228,607,16,12,36.39666748046875,erythroblast,0.9999312,99.99312
110,289,162,337,19,19,36.33529281616211,erythroblast,0.9996203,99.96203
105,317,25,332,18,22,36.22297286987305,erythroblast,0.9998963,99.98963
109,211,6,337,11,24,36.1363639831543,erythroblast,0.9999291,99.992905
78,389,615,280,23,27,35.86693572998047,erythroblast,0.9998491,99.98491
65,358,238,264,23,22,35.71241760253906,erythroblast,0.9997863,99.97863
100,316,603,316,22,20,35.63111877441406,erythroblast,0.99991536,99.99154
42,317,454,224,21,19,35.516605377197266,erythroblast,0.9998622,99.98622
102,310,171,318,20,20,35.39836120605469,erythroblast,0.99964094,99.964096
